﻿<!--*************************************************
File: ysf-unattend_win10-11.xml
**************************************************-->
<?xml version="1.0" encoding="utf-8"?>
<unattend
    xmlns="urn:schemas-microsoft-com:unattend">
    <settings pass="windowsPE">
        <component name="Microsoft-Windows-International-Core-WinPE" processorArchitecture="amd64" publicKeyToken="31bf3856ad364e35" language="neutral" versionScope="nonSxS"
            xmlns:wcm="http://schemas.microsoft.com/WMIConfig/2002/State"
            xmlns:xsi="http://www.w3.org/2001/XMLSchema-instance">
            <SetupUILanguage>
                <UILanguage>tr-TR</UILanguage>
            </SetupUILanguage>
            <InputLocale>041f:0000041f</InputLocale>
            <SystemLocale>tr-TR</SystemLocale>
            <UILanguage>tr-TR</UILanguage>
            <UILanguageFallback>tr-TR</UILanguageFallback>
            <UserLocale>tr-TR</UserLocale>
        </component>
        <component name="Microsoft-Windows-Setup" processorArchitecture="amd64" publicKeyToken="31bf3856ad364e35" language="neutral" versionScope="nonSxS"
            xmlns:wcm="http://schemas.microsoft.com/WMIConfig/2002/State"
            xmlns:xsi="http://www.w3.org/2001/XMLSchema-instance">
            <UserData>
                <ProductKey>
                    <!-- Do not uncomment the Key element if you are using trial ISOs -->
                    <!-- You must uncomment the Key element (and optionally insert your own key) if you are using retail or volume license ISOs -->
                    <Key></Key>
                    <WillShowUI>Never</WillShowUI>
                </ProductKey>
                <AcceptEula>true</AcceptEula>
                <FullName>$$USERNAME$$</FullName>
                <Organization></Organization>
            </UserData>
        </component>
    </settings>
    <settings pass="offlineServicing">
        <component name="Microsoft-Windows-LUA-Settings" processorArchitecture="amd64" publicKeyToken="31bf3856ad364e35" language="neutral" versionScope="nonSxS"
            xmlns:wcm="http://schemas.microsoft.com/WMIConfig/2002/State"
            xmlns:xsi="http://www.w3.org/2001/XMLSchema-instance">
            <EnableLUA>false</EnableLUA>
        </component>
    </settings>
    <settings pass="generalize">
        <component name="Microsoft-Windows-Security-SPP" processorArchitecture="amd64" publicKeyToken="31bf3856ad364e35" language="neutral" versionScope="nonSxS"
            xmlns:wcm="http://schemas.microsoft.com/WMIConfig/2002/State"
            xmlns:xsi="http://www.w3.org/2001/XMLSchema-instance">
            <SkipRearm>1</SkipRearm>
        </component>
    </settings>
    <settings pass="specialize">
        <component name="Microsoft-Windows-International-Core" processorArchitecture="amd64" publicKeyToken="31bf3856ad364e35" language="neutral" versionScope="nonSxS"
            xmlns:wcm="http://schemas.microsoft.com/WMIConfig/2002/State"
            xmlns:xsi="http://www.w3.org/2001/XMLSchema-instance">
            <InputLocale>041f:0000041f</InputLocale>
            <SystemLocale>tr-TR</SystemLocale>
            <UILanguage>tr-TR</UILanguage>
            <UILanguageFallback>tr-TR</UILanguageFallback>
            <UserLocale>tr-TR</UserLocale>
        </component>
        <component name="Microsoft-Windows-Security-SPP-UX" processorArchitecture="amd64" publicKeyToken="31bf3856ad364e35" language="neutral" versionScope="nonSxS"
            xmlns:wcm="http://schemas.microsoft.com/WMIConfig/2002/State"
            xmlns:xsi="http://www.w3.org/2001/XMLSchema-instance">
            <SkipAutoActivation>true</SkipAutoActivation>
        </component>
        <component name="Microsoft-Windows-SQMApi" processorArchitecture="amd64" publicKeyToken="31bf3856ad364e35" language="neutral" versionScope="nonSxS"
            xmlns:wcm="http://schemas.microsoft.com/WMIConfig/2002/State"
            xmlns:xsi="http://www.w3.org/2001/XMLSchema-instance">
            <CEIPEnabled>0</CEIPEnabled>
        </component>
        <component name="Microsoft-Windows-Shell-Setup" processorArchitecture="amd64" publicKeyToken="31bf3856ad364e35" language="neutral" versionScope="nonSxS"
            xmlns:wcm="http://schemas.microsoft.com/WMIConfig/2002/State"
            xmlns:xsi="http://www.w3.org/2001/XMLSchema-instance">
            <ComputerName>$$COMPUTER_NAME$$</ComputerName>
            <!-- <ProductKey>W269N-WFGWX-YVC9B-4J6C9-T83GX</ProductKey> -->
        </component>
    </settings>
    <settings pass="oobeSystem">
        <component name="Microsoft-Windows-Shell-Setup" processorArchitecture="amd64" publicKeyToken="31bf3856ad364e35" language="neutral" versionScope="nonSxS"
            xmlns:wcm="http://schemas.microsoft.com/WMIConfig/2002/State"
            xmlns:xsi="http://www.w3.org/2001/XMLSchema-instance">
            <AutoLogon>
                <Password>
                    <Value></Value>
                    <PlainText>true</PlainText>
                </Password>
                <Enabled>true</Enabled>
                <Username>$$USERNAME$$</Username>
            </AutoLogon>
            <OOBE>
                <HideEULAPage>true</HideEULAPage>
                <HideOEMRegistrationScreen>true</HideOEMRegistrationScreen>
                <HideOnlineAccountScreens>true</HideOnlineAccountScreens>
                <HideWirelessSetupInOOBE>true</HideWirelessSetupInOOBE>
                <NetworkLocation>Home</NetworkLocation>
                <SkipUserOOBE>true</SkipUserOOBE>
                <SkipMachineOOBE>true</SkipMachineOOBE>
                <ProtectYourPC>3</ProtectYourPC>
            </OOBE>
            <UserAccounts>
                <LocalAccounts>
                    <LocalAccount wcm:action="add">
                        <Password>
                            <Value></Value>
                            <PlainText>true</PlainText>
                        </Password>
                        <Description></Description>
                        <DisplayName>$$USERNAME$$</DisplayName>
                        <Group>Administrators</Group>
                        <Name>$$USERNAME$$</Name>
                    </LocalAccount>
                </LocalAccounts>
            </UserAccounts>
            <RegisteredOrganization></RegisteredOrganization>
            <RegisteredOwner>$$USERNAME$$</RegisteredOwner>
            <DisableAutoDaylightTimeSet>true</DisableAutoDaylightTimeSet>
            <FirstLogonCommands>
                <SynchronousCommand wcm:action="add">
                    <Description>Control Panel View</Description>
                    <Order>1</Order>
                    <CommandLine>reg add "HKEY_CURRENT_USER\Software\Microsoft\Windows\CurrentVersion\Explorer\ControlPanel" /v StartupPage /t REG_DWORD /d 0 /f</CommandLine>
                    <RequiresUserInput>true</RequiresUserInput>
                </SynchronousCommand>
                <SynchronousCommand wcm:action="add">
                    <Order>2</Order>
                    <Description>Control Panel Icon Size</Description>
                    <RequiresUserInput>false</RequiresUserInput>
                    <CommandLine>reg add "HKEY_CURRENT_USER\Software\Microsoft\Windows\CurrentVersion\Explorer\ControlPanel" /v AllItemsIconView /t REG_DWORD /d 0 /f</CommandLine>
                </SynchronousCommand>
                <SynchronousCommand wcm:action="add">
                    <Order>3</Order>
                    <RequiresUserInput>false</RequiresUserInput>
                    <CommandLine>cmd /C wmic useraccount where name="$$USERNAME$$" set PasswordExpires=false</CommandLine>
                    <Description>Password Never Expires</Description>
                </SynchronousCommand>
            </FirstLogonCommands>
            <TimeZone>Turkey Standard Time</TimeZone>
        </component>
    </settings>
</unattend>